{"cameraMode":{"drawMode":0,"name":"Shaded","section":"Shading Mode"},"sceneLighting":true,"audioPlay":false,"sceneViewState":{"showFog":true,"showMaterialUpdate":false,"showSkybox":true,"showFlares":true,"showImageEffects":true,"showParticleSystems":true},"in2DMode":false,"pivot":{"x":3.40966796875,"y":2.603271484375,"z":-11.03173828125},"rotation":{"x":-0.0950147807598114,"y":0.13131828606128694,"z":-0.012668268755078316,"w":-0.9867252707481384},"size":3.6573586463928224,"orthographic":true}